,Unnamed: 0,lfp,k5,k618,age,wc,hc,lwg,inc
0,1,yes,1,0,32,no,no,1.2101647,10.9100008
1,2,yes,0,2,30,no,no,0.3285041,19.5
2,3,yes,1,3,35,no,no,1.5141279,12.039999
3,4,yes,0,3,34,no,no,0.0921151,6.8000002
4,5,yes,1,2,31,yes,no,1.5242802,20.1000004
5,6,yes,0,0,54,no,no,1.5564855,9.8590002
6,7,yes,0,2,37,yes,no,2.1202636,9.1520004
7,8,yes,0,0,54,no,no,2.0596387,10.9000006
8,9,yes,0,2,48,no,no,0.7543364,17.3050003
9,10,yes,0,2,39,no,no,1.5448993,12.9250002
10,11,yes,0,1,33,no,no,1.4019157,24.3000011
11,12,yes,0,1,42,no,yes,1.5242802,19.6999989
12,13,yes,1,2,30,no,yes,0.733969,15.0
13,14,yes,0,2,43,no,no,0.8183691,14.6000004
14,15,yes,0,1,43,no,yes,1.3028187,24.6310005
15,16,yes,0,3,35,no,no,0.2980447,17.5310001
16,17,yes,0,2,43,no,no,1.1676053,14.0999994
17,18,yes,0,5,39,no,no,1.6438394,15.8389997
18,19,yes,0,0,45,no,no,0.6931472,14.1000004
19,20,yes,0,4,35,no,no,2.0219276,10.3000002
20,21,yes,0,2,42,yes,yes,1.2542453,22.6549988
21,22,yes,0,0,30,no,no,1.2729658,8.0899992
22,23,yes,0,0,48,yes,yes,1.178655,17.4790001
23,24,yes,0,0,45,no,yes,1.178655,9.5600004
24,25,yes,1,1,31,no,no,0.7675475,8.2749996
25,26,yes,0,2,43,yes,yes,1.3318062,27.3500004
26,27,yes,0,0,59,no,yes,1.3862944,16.0
27,28,yes,0,3,32,no,yes,1.5532677,17.0
28,29,yes,1,0,31,yes,yes,1.98182,15.0999994
29,30,yes,0,0,42,no,no,1.7693523,15.6999998
30,31,yes,0,0,50,no,no,0.4307832,5.1189995
31,32,yes,0,0,59,yes,yes,0.8997613,16.75
32,33,yes,0,2,36,yes,yes,1.7666236,13.5999994
33,34,yes,0,1,51,no,no,1.2729658,17.0999985
34,35,yes,0,3,45,yes,yes,1.3367952,16.7339993
35,36,yes,0,1,42,no,no,0.9016919,14.1970005
36,37,yes,0,0,46,no,yes,0.8651225,10.3199997
37,38,yes,0,1,46,no,no,1.5118575,11.3840008
38,39,yes,0,0,51,yes,no,1.7260362,14.5939999
39,40,yes,0,0,30,yes,yes,2.6831658,17.4999962
40,41,yes,1,2,30,no,yes,0.9852834,15.5100002
41,42,yes,0,0,57,no,no,1.3659317,22.0
42,43,yes,1,2,31,yes,yes,0.9450333,22.5
43,44,yes,0,2,48,no,no,1.5123762,19.9939995
44,45,yes,0,3,30,no,no,0.6931472,14.1300001
45,46,yes,0,2,34,no,no,1.2447947,5.0
46,47,yes,0,2,48,yes,yes,0.7011407,21.1549988
47,48,yes,0,0,45,no,no,1.5198573,7.1419997
48,49,yes,0,0,51,no,yes,0.8209804,16.6500015
49,50,yes,0,2,30,no,no,0.9698315,6.3519998
50,51,yes,0,1,46,no,no,0.8284885,27.3139992
51,52,yes,0,0,58,no,no,0.0943106,14.5
52,53,yes,0,8,37,no,no,0.1625193,16.2579994
53,54,yes,0,0,52,no,no,0.4700036,9.5
54,55,yes,0,0,52,no,no,0.6292341,7.9999995
55,56,yes,0,0,31,yes,yes,1.3971641,12.5
56,57,yes,0,0,55,yes,yes,2.2654455,13.999999
57,58,yes,0,0,34,yes,yes,2.0845456,20.7999992
58,59,yes,0,0,55,yes,yes,1.5258496,19.3849983
59,60,yes,0,2,39,no,no,0.76214,12.3870001
60,61,yes,0,3,40,yes,yes,1.4816046,28.5
61,62,yes,0,4,43,no,no,1.2628131,15.0500011
62,63,yes,0,0,48,no,no,0.9996722,10.500001
63,64,yes,0,0,47,no,no,1.8325815,11.8100004
64,65,yes,0,4,41,no,no,2.479322,6.9500017
65,66,yes,0,0,36,no,no,1.2790111,12.4200001
66,67,yes,0,2,46,yes,yes,1.937942,17.3999996
67,68,yes,0,0,34,no,no,1.0704415,15.5
68,69,yes,0,3,41,no,no,1.1239301,21.217001
69,70,yes,0,1,51,no,no,1.3217559,18.0
70,71,yes,0,0,33,no,yes,1.7449915,11.9000006
71,72,yes,0,0,52,no,no,1.3017371,26.7519989
72,73,yes,0,0,58,no,no,1.6418628,12.1499996
73,74,yes,2,4,34,no,no,2.1070182,10.1999998
74,75,yes,0,1,31,no,no,1.4670708,8.1199989
75,76,yes,0,1,48,no,no,1.6058081,10.6599998
76,77,yes,0,2,32,no,no,-1.0296193,18.1000004
77,78,yes,0,0,49,yes,yes,1.0876724,8.6000004
78,79,yes,2,2,32,yes,yes,0.0,13.665
79,80,yes,0,0,58,no,yes,0.9381955,32.3499985
80,81,yes,0,0,50,no,no,-0.1505728,12.085
81,82,yes,0,0,60,yes,no,0.0,12.1499996
82,83,yes,0,1,50,no,no,1.0736742,17.6949997
83,84,yes,0,0,56,yes,yes,1.2658482,24.7000008
84,85,yes,0,0,51,no,no,0.4863622,2.1339998
85,86,yes,0,1,54,yes,yes,2.1202636,20.9500008
86,87,yes,0,0,59,yes,yes,1.1298648,10.5
87,88,yes,0,2,46,no,no,0.9932518,10.5500002
88,89,yes,0,1,46,yes,yes,1.6586282,45.75
89,90,yes,1,3,39,no,no,0.347432,13.632
90,91,yes,0,2,44,no,yes,1.5683184,18.2389984
91,92,yes,2,0,33,no,no,0.5108258,17.0900002
92,93,yes,1,2,33,no,yes,0.114816,30.2349987
93,94,yes,0,2,48,no,no,-0.6931472,28.7000008
94,95,yes,0,4,31,no,yes,-0.3364723,19.6299992
95,96,yes,0,1,45,no,no,1.0282087,12.8249998
96,97,yes,0,1,45,no,no,1.5806886,23.7999992
97,98,yes,0,2,32,yes,yes,0.5559003,26.3000011
98,99,yes,0,0,47,no,yes,0.901402,20.7000008
99,100,yes,0,2,34,yes,yes,0.8843079,26.0
100,101,yes,0,1,37,no,no,0.4282221,10.8769999
101,102,yes,0,1,36,no,no,1.0584304,25.6120014
102,103,yes,1,2,47,no,yes,0.8783384,20.9889984
103,104,yes,0,1,48,yes,yes,1.6549002,70.75
104,105,yes,0,2,42,no,no,1.3217559,17.0499992
105,106,yes,0,3,33,yes,yes,0.3285041,21.0
106,107,yes,0,0,46,no,no,1.3862944,8.1199999
107,108,yes,0,3,47,no,yes,1.1728821,20.8859997
108,109,yes,0,1,44,no,no,1.2241757,17.6689987
109,110,yes,0,4,36,no,yes,0.2876818,25.2000008
110,111,yes,2,0,31,yes,yes,2.2302644,14.2449999
111,112,yes,0,0,55,yes,yes,1.5040774,14.3000002
112,113,yes,0,1,45,yes,yes,1.5311551,23.6999989
113,114,yes,0,0,47,yes,yes,1.3751566,46.0
114,115,yes,0,3,46,no,no,1.7602607,43.0
115,116,yes,0,0,49,no,no,-0.6931472,14.7489996
116,117,yes,0,0,49,no,yes,1.4064971,16.1499996
117,118,yes,0,2,45,no,no,1.7917595,17.7740002
118,119,yes,1,3,38,yes,yes,1.299283,91.0
119,120,yes,0,0,47,no,no,1.3509928,22.2999992
120,121,yes,0,3,54,yes,yes,1.0162892,34.5999985
121,122,yes,0,0,41,no,no,1.075344,9.6199999
122,123,yes,0,2,43,no,yes,1.4789581,10.8999996
123,124,yes,1,1,31,yes,no,1.6894807,14.499999
124,125,yes,0,0,47,yes,no,2.2885988,22.0
125,126,yes,0,2,35,no,no,-1.8225309,17.8999996
126,127,yes,0,3,45,yes,yes,-0.9606265,23.6749992
127,128,yes,1,0,33,no,no,1.2909843,11.7999992
128,129,yes,0,1,54,yes,no,0.8648585,16.1420002
129,130,yes,0,4,35,no,no,1.5404451,18.3999996
130,131,yes,1,2,31,no,no,0.6161863,15.5
131,132,yes,0,0,55,no,no,1.6486586,17.3239994
132,133,yes,0,2,34,no,no,1.1935015,19.2049999
133,134,yes,0,1,38,yes,no,2.14398,21.2999992
134,135,yes,0,1,45,no,no,0.7243997,23.5599995
135,136,yes,0,1,47,no,no,0.9416087,20.8500004
136,137,yes,0,2,39,no,no,0.7827594,26.1499996
137,138,yes,1,0,36,yes,yes,1.8325815,17.0
138,139,yes,1,2,33,no,yes,1.2039727,20.7199993
139,140,yes,0,0,50,no,yes,1.491655,16.9999981
140,141,yes,0,0,58,no,yes,1.8921324,16.0
141,142,yes,0,0,49,yes,yes,2.1308968,19.5
142,143,yes,0,2,41,yes,yes,1.4806052,11.999999
143,144,yes,0,1,51,no,no,0.8943118,13.7320004
144,145,yes,0,0,53,no,no,0.2025245,27.1999989
145,146,yes,1,2,36,no,no,0.4855078,5.3150001
146,147,yes,0,2,46,no,no,1.0986123,16.0
147,148,yes,0,2,36,no,no,1.5532677,27.8719997
148,149,yes,0,1,53,yes,yes,0.1216024,40.0
149,150,yes,0,3,40,yes,yes,2.0018072,15.9000006
150,151,yes,0,2,42,yes,yes,1.4950274,27.5
151,152,yes,1,1,33,yes,yes,0.9052411,17.0199986
152,153,yes,0,3,43,no,yes,0.6325226,22.3950005
153,154,yes,1,0,31,yes,yes,1.3862944,11.1000004
154,155,yes,0,0,47,yes,yes,2.1029148,32.7000008
155,156,yes,0,0,54,yes,yes,1.9596404,27.7999992
156,157,yes,1,3,33,no,no,0.5108258,2.2
157,158,yes,0,0,43,yes,yes,1.236917,19.7210007
158,159,yes,0,1,46,yes,yes,1.4433111,10.0
159,160,yes,0,3,35,no,no,1.0216513,13.1999998
160,161,yes,0,3,37,no,no,0.636137,12.7089996
161,162,yes,0,2,37,yes,yes,1.6164626,27.2999992
162,163,yes,0,3,34,yes,yes,0.2231435,21.2000008
163,164,yes,1,0,43,yes,yes,1.0498221,14.3999996
164,165,yes,0,0,46,no,no,1.4150438,20.5760002
165,166,yes,0,3,35,no,no,0.5753643,12.5
166,167,yes,0,0,46,yes,yes,2.606698,17.4999962
167,168,yes,0,0,46,yes,yes,1.5179226,44.0
168,169,yes,0,2,43,no,no,0.7550228,13.1189995
169,170,yes,0,0,30,no,no,1.0949824,14.000001
170,171,yes,0,2,41,no,no,0.9421319,9.6450005
171,172,yes,0,1,54,no,yes,1.7249508,17.3969994
172,173,yes,0,1,31,no,no,1.0315291,7.7999997
173,174,yes,0,0,44,no,no,0.474356,13.1339998
174,175,yes,0,1,32,no,yes,0.8109302,25.6000004
175,176,yes,0,0,47,no,no,0.7092764,13.9000006
176,177,yes,0,1,46,yes,yes,1.7105405,19.2980003
177,178,yes,0,0,37,no,no,0.4602733,9.1999998
178,179,yes,0,2,51,no,no,1.3318062,38.0
179,180,yes,0,1,49,no,no,1.0986123,44.0
180,181,yes,0,4,36,yes,yes,2.1580038,21.3719997
181,182,yes,0,1,39,no,no,1.4375876,23.6680012
182,183,yes,0,2,48,no,no,1.5448993,9.0
183,184,yes,0,2,38,yes,yes,1.4105872,25.1999989
184,185,yes,0,2,40,no,no,3.2188759,21.2199993
185,186,yes,1,5,39,no,yes,0.9681486,33.9699974
186,187,yes,0,0,37,yes,yes,1.7917595,17.0699997
187,188,yes,0,1,49,yes,no,1.6887316,6.0160012
188,189,yes,0,3,33,no,yes,-0.409162,17.1000004
189,190,yes,0,0,30,no,yes,0.2231435,8.2370005
190,191,yes,0,0,54,no,no,0.8221774,13.3000002
191,192,yes,0,4,39,no,no,1.2417133,16.0
192,193,yes,0,3,43,no,no,1.4271164,12.54
193,194,yes,0,3,31,no,no,1.4971018,18.0
194,195,yes,0,3,33,yes,yes,0.5596158,31.2000008
195,196,yes,0,3,40,no,yes,1.3000159,20.75
196,197,yes,0,1,36,no,no,1.8844231,11.1000004
197,198,yes,0,0,51,no,no,0.9555114,20.6800003
198,199,yes,0,1,44,yes,no,1.5820881,18.0
199,200,yes,0,3,42,yes,yes,1.7556204,32.4300003
200,201,yes,0,1,40,no,no,1.5131067,32.9000015
201,202,yes,1,1,34,yes,yes,2.2518919,24.1000004
202,203,yes,0,0,30,yes,yes,2.3644607,17.7999973
203,204,yes,0,0,54,no,no,0.1053605,20.5
204,205,yes,0,0,51,no,no,1.3997173,10.500001
205,206,yes,0,2,44,no,no,0.9884722,10.4369993
206,207,yes,0,1,43,no,no,1.0906444,18.1949997
207,208,yes,0,1,34,no,no,1.1546267,12.8450012
208,209,yes,0,0,45,yes,no,1.2669476,13.8000002
209,210,yes,0,0,39,no,no,2.8851907,22.1999989
210,211,yes,0,0,50,no,no,1.2288704,6.6999998
211,212,yes,0,0,52,no,no,1.2039727,6.25
212,213,yes,0,2,41,no,no,1.3573829,15.6000004
213,214,yes,0,0,59,no,no,0.8377283,3.3000002
214,215,yes,0,0,52,no,no,0.5369517,3.6710005
215,216,yes,0,0,46,yes,no,0.7487171,7.79
216,217,yes,1,5,41,no,yes,2.2958679,18.2719994
217,218,yes,0,2,33,no,no,1.1077996,10.9540005
218,219,yes,0,0,45,no,no,0.6208265,13.5
219,220,yes,1,2,36,no,no,-2.0541239,11.1999998
220,221,yes,0,1,48,no,no,1.892005,21.0
221,222,yes,0,1,47,no,no,1.7297242,25.6999989
222,223,yes,0,0,45,no,no,0.469369,8.9329996
223,224,yes,0,2,37,no,yes,0.9808294,19.1599998
224,225,yes,0,4,46,yes,yes,2.0694911,26.5900002
225,226,yes,0,3,43,yes,yes,1.6751894,22.3999996
226,227,yes,0,2,42,no,yes,1.3862944,20.6329994
227,228,yes,1,2,34,yes,yes,1.7992158,28.1999989
228,229,yes,0,0,52,no,no,1.8325815,28.7999992
229,230,yes,0,3,37,no,no,1.0906444,9.0
230,231,yes,0,1,37,no,no,1.4431167,11.3999996
231,232,yes,0,0,52,no,no,1.2503659,10.3999996
232,233,yes,1,0,30,no,yes,1.6023204,19.0799999
233,234,yes,0,1,31,yes,no,1.0185697,9.4659996
234,235,yes,0,1,38,no,no,1.2970634,6.4999995
235,236,yes,0,3,43,no,yes,1.6851965,29.1170006
236,237,yes,0,1,49,no,no,-0.4209214,19.1030006
237,238,yes,0,0,55,no,no,1.5620917,16.3500004
238,239,yes,0,2,38,yes,yes,2.1465313,32.0250015
239,240,yes,0,0,52,yes,yes,2.3474667,16.6999931
240,241,yes,0,0,48,no,no,0.9698421,4.8110003
241,242,yes,0,2,32,yes,no,1.9241487,24.6259995
242,243,yes,0,1,32,no,yes,1.6267294,17.3999996
243,244,yes,0,2,38,no,yes,-0.039221,13.0249996
244,245,yes,0,3,46,no,no,1.4601418,19.007
245,246,yes,0,3,40,no,no,1.9553889,14.0299997
246,247,yes,0,4,31,no,no,0.9263413,14.8999987
247,248,yes,0,1,43,no,no,2.0661962,25.0
248,249,yes,0,0,51,no,no,1.4228519,10.7000008
249,250,yes,1,0,30,yes,yes,2.1010323,24.25
250,251,yes,0,0,52,yes,yes,2.2614579,39.1399994
251,252,yes,1,5,30,no,no,0.7013053,7.2000003
252,253,yes,0,0,51,yes,yes,2.0310118,31.8110008
253,254,yes,0,2,31,yes,no,1.1623771,9.999999
254,255,yes,0,4,34,no,no,0.4700036,20.6599998
255,256,yes,0,0,49,no,yes,1.4105872,13.5
256,257,yes,1,3,35,yes,yes,0.3930422,25.3800011
257,258,yes,1,0,53,no,no,1.2909843,18.2749996
258,259,yes,0,3,32,no,yes,0.0,39.2130013
259,260,yes,0,3,38,no,no,0.9571128,10.499999
260,261,yes,0,0,54,no,yes,0.5596158,34.8569984
261,262,yes,0,1,47,yes,no,1.5686159,28.5019989
262,263,yes,0,1,45,yes,yes,1.7101794,13.0
263,264,yes,0,1,47,yes,yes,1.4105872,41.3999977
264,265,yes,0,0,59,no,no,0.2231435,14.7799997
265,266,yes,0,1,32,no,no,0.5108258,15.0500002
266,267,yes,0,1,45,no,yes,1.332389,29.7000008
267,268,yes,0,4,40,no,no,0.8602011,16.1650009
268,269,yes,0,2,47,yes,no,2.3227875,25.2050037
269,270,yes,1,2,36,yes,yes,1.9195929,14.1999998
270,271,yes,0,0,56,yes,yes,1.9761044,18.1590004
271,272,yes,0,1,41,no,no,0.895445,28.9810009
272,273,yes,0,3,48,no,no,0.1812526,13.3920002
273,274,yes,1,2,36,no,no,0.4953217,9.1749992
274,275,yes,0,0,41,no,yes,0.5777649,27.0400009
275,276,yes,0,0,41,yes,no,1.0788095,13.1500015
276,277,yes,0,3,36,no,yes,1.6032073,16.3999996
277,278,yes,0,3,37,no,no,0.6208265,21.2999992
278,279,yes,0,0,38,no,no,2.0838959,17.2010002
279,280,yes,0,2,43,yes,no,1.3791769,8.5600004
280,281,yes,0,0,54,yes,yes,1.1123673,6.4910016
281,282,yes,0,1,38,no,no,1.0671136,12.5
282,283,yes,1,0,30,no,yes,1.1188148,27.0
283,284,yes,0,0,49,no,yes,1.5885466,53.5
284,285,yes,0,1,45,yes,no,1.3903024,52.5
285,286,yes,0,0,51,yes,yes,1.7147983,38.4000015
286,287,yes,0,0,34,no,no,0.2010386,13.8920002
287,288,yes,0,2,34,no,no,0.9872699,3.8999991
288,289,yes,0,1,41,no,yes,0.9834995,34.2000008
289,290,yes,0,1,49,no,yes,2.2331755,19.7000008
290,291,yes,0,0,32,no,yes,1.1436096,18.5
291,292,yes,0,0,32,yes,yes,-0.6113947,11.0
292,293,yes,0,2,32,yes,yes,2.1530533,43.2999992
293,294,yes,0,0,47,no,no,1.2998388,18.7600002
294,295,yes,0,1,39,no,no,0.8409411,4.8000007
295,296,yes,0,0,49,no,yes,1.0584848,21.5
296,297,yes,0,3,37,no,yes,1.1526461,28.0400009
297,298,yes,0,0,59,yes,yes,1.2935848,26.0
298,299,yes,0,0,50,no,no,1.8325815,27.0
299,300,yes,0,1,32,yes,yes,2.3271625,17.7999916
300,301,yes,0,0,46,no,yes,1.1661358,17.4019985
301,302,yes,0,2,43,yes,yes,2.0349898,19.3099995
302,303,yes,0,3,37,no,no,0.6792445,9.999999
303,304,yes,0,2,32,yes,yes,1.5471342,11.1799994
304,305,yes,0,1,39,no,yes,0.7529984,18.8570004
305,306,yes,0,2,34,yes,no,0.8472977,12.3000002
306,307,yes,0,1,39,no,no,0.8711449,13.6769991
307,308,yes,0,3,45,no,no,0.2282489,9.5600004
308,309,yes,0,0,50,no,no,0.0896122,24.5
309,310,yes,0,1,40,no,no,1.3217559,23.1499996
310,311,yes,0,1,30,no,no,1.1960874,15.5909996
311,312,yes,0,0,57,yes,yes,1.6361114,14.4210005
312,313,yes,0,1,39,no,no,1.892005,17.4549999
313,314,yes,0,0,53,no,no,1.5183107,9.8000011
314,315,yes,0,1,48,yes,yes,2.472122,17.574995
315,316,yes,0,1,46,yes,yes,1.3217559,16.5550003
316,317,yes,0,0,47,no,no,1.4736363,13.2950001
317,318,yes,0,1,43,no,no,1.3694872,11.8439999
318,319,yes,0,0,47,no,yes,1.2039727,46.6450005
319,320,yes,0,1,47,no,no,1.1987233,14.6999998
320,321,yes,0,0,47,no,no,1.2702223,26.0900002
321,322,yes,0,0,46,no,no,0.4700036,9.8999996
322,323,yes,0,4,34,no,no,0.7999901,9.0480003
323,324,yes,0,0,48,no,no,1.5659528,30.75
324,325,yes,0,1,30,no,no,1.7589697,8.5
325,326,yes,0,1,51,no,no,0.8580216,22.25
326,327,yes,0,5,52,no,yes,0.6931472,42.9099998
327,328,yes,0,2,37,no,yes,0.6418539,33.2999992
328,329,yes,0,2,32,no,no,1.6337306,13.8199997
329,330,yes,0,2,36,yes,yes,1.7037485,23.6000004
330,331,yes,0,2,35,no,yes,1.8440101,13.0
331,332,yes,0,0,45,yes,yes,1.9661129,20.75
332,333,yes,0,0,56,no,no,0.8649974,6.3000002
333,334,yes,0,2,40,no,no,0.9332882,7.7890005
334,335,yes,1,2,45,no,yes,0.7792501,10.4699993
335,336,yes,0,2,32,no,no,0.9555114,12.0
336,337,yes,0,0,45,no,no,1.3162353,16.9799995
337,338,yes,0,2,40,no,no,1.4759065,17.8999996
338,339,yes,0,1,38,no,no,1.4913896,15.5400009
339,340,yes,0,4,49,no,no,1.4557482,9.8839998
340,341,yes,0,1,47,yes,yes,0.5108258,28.6000004
341,342,yes,0,0,52,yes,no,1.1804423,17.6599998
342,343,yes,0,1,34,yes,yes,1.688481,26.0000019
343,344,yes,0,2,44,no,no,0.7907302,13.6020002
344,345,yes,0,3,36,yes,yes,1.4017986,15.8000002
345,346,yes,0,0,50,yes,yes,-0.433636,41.0999985
346,347,yes,0,0,45,no,no,1.683176,10.7749996
347,348,yes,0,2,44,yes,yes,-1.7664415,9.0
348,349,yes,0,2,57,no,no,3.155581,24.3990002
349,350,yes,0,0,35,yes,yes,2.2595255,37.2999992
350,351,yes,0,0,46,no,no,1.3069208,28.0
351,352,yes,2,1,30,yes,yes,0.7985076,13.6999998
352,353,yes,0,3,42,no,no,0.5590276,17.210001
353,354,yes,0,1,34,no,yes,0.1479199,14.0
354,355,yes,0,2,45,yes,yes,1.9444993,35.7550011
355,356,yes,1,2,35,yes,yes,1.3783262,23.5
356,357,yes,0,0,40,yes,yes,3.0647252,32.0
357,358,yes,0,1,32,no,yes,-0.7419373,17.1499996
358,359,yes,0,0,54,no,no,0.765718,20.25
359,360,yes,0,3,38,no,no,0.6193811,5.4860001
360,361,yes,0,3,43,no,no,1.4654578,25.0750008
361,362,yes,0,0,54,yes,no,2.1892564,18.2199993
362,363,yes,0,3,39,yes,yes,1.0216513,26.0
363,364,yes,0,1,37,no,yes,0.9770272,34.5
364,365,yes,0,2,46,no,no,0.9162908,12.3999996
365,366,yes,0,0,56,no,no,2.9050782,10.7869987
366,367,yes,0,3,41,no,no,-0.1996555,16.323
367,368,yes,0,1,45,yes,yes,0.6931472,30.5
368,369,yes,0,1,44,yes,yes,2.7333677,51.3000069
369,370,yes,0,1,50,yes,yes,1.868332,33.0499992
370,371,yes,0,5,37,yes,yes,2.1202636,34.75
371,372,yes,0,1,44,no,no,1.5151978,16.3999996
372,373,yes,0,2,32,yes,yes,0.9146253,19.7000008
373,374,yes,1,1,34,no,no,1.4995565,6.5999985
374,375,yes,0,2,32,no,no,0.8030804,9.0200005
375,376,yes,0,3,37,no,yes,0.7280345,10.3999996
376,377,yes,0,1,44,yes,no,0.5163968,14.5199995
377,378,yes,0,2,34,yes,no,1.2264457,17.2000008
378,379,yes,1,3,33,no,yes,0.9162908,43.0
379,380,yes,0,3,43,no,no,1.3764663,13.8720007
380,381,yes,0,2,35,yes,no,1.8289676,-0.029
381,382,yes,0,1,43,yes,yes,1.3682758,16.7700005
382,383,yes,0,0,34,no,no,1.0647107,7.7999997
383,384,yes,0,3,36,no,no,1.4064971,14.499999
384,385,yes,0,2,41,no,no,1.0473189,7.9000001
385,386,yes,0,0,41,yes,yes,1.9480944,79.8000031
386,387,yes,0,3,35,no,no,1.0779932,7.1759992
387,388,yes,1,3,32,no,no,0.6539265,17.507
388,389,yes,0,0,30,yes,yes,1.9278916,20.6000004
389,390,yes,0,0,43,no,no,1.3610165,18.5599995
390,391,yes,0,0,54,no,no,0.6931472,9.3000002
391,392,yes,0,2,35,yes,no,1.6046872,5.1200004
392,393,yes,0,0,50,no,yes,0.1839228,14.5
393,394,yes,1,1,34,yes,yes,3.1135154,19.7999992
394,395,yes,0,0,52,yes,no,1.926825,18.3000011
395,396,yes,0,3,35,yes,yes,1.2701128,34.0
396,397,yes,0,0,55,no,no,0.682676,11.6279993
397,398,yes,0,0,35,yes,yes,1.6810741,11.7999992
398,399,yes,0,1,49,yes,yes,0.556288,39.0999985
399,400,yes,2,2,38,yes,no,1.6282244,18.4300003
400,401,yes,0,2,42,yes,yes,0.9162908,21.0
401,402,yes,0,1,48,no,no,1.3415585,59.0
402,403,yes,0,0,51,yes,yes,0.0,25.2999992
403,404,yes,0,2,43,no,no,1.1222221,23.2490005
404,405,yes,0,1,43,no,no,0.5401976,24.9279995
405,406,yes,0,1,38,no,yes,1.3915043,14.7819996
406,407,yes,0,1,44,no,no,1.6971768,18.8999996
407,408,yes,1,3,36,no,no,3.2188759,21.0
408,409,yes,0,0,38,no,no,0.8711703,10.0
409,410,yes,0,0,47,no,no,1.1673195,29.3099995
410,411,yes,0,2,34,no,no,1.2169925,13.1400003
411,412,yes,1,2,40,yes,yes,0.5753643,25.0900002
412,413,yes,0,1,31,no,no,1.1516048,14.6000004
413,414,yes,0,0,46,no,no,0.9942524,1.1999998
414,415,yes,0,3,36,yes,yes,0.5263296,32.0
415,416,yes,1,2,39,yes,no,-1.5432981,16.1200008
416,417,yes,0,2,36,yes,no,1.9120456,26.5
417,418,yes,0,4,37,no,no,0.5543109,12.75
418,419,yes,0,4,39,no,no,0.9162908,12.8999996
419,420,yes,1,3,36,no,no,1.5009363,10.6999998
420,421,yes,0,2,49,no,yes,0.94469,14.434001
421,422,yes,1,1,45,no,no,1.2412686,23.7089996
422,423,yes,2,0,32,yes,yes,1.5649862,15.0999994
423,424,yes,0,5,36,no,no,0.8380113,18.2000008
424,425,yes,0,1,40,no,no,1.6688613,22.6410007
425,426,yes,0,2,43,yes,no,1.7694349,21.6400013
426,427,yes,0,1,33,no,no,1.2264457,24.0
427,428,yes,0,1,30,no,no,1.4064971,16.0
428,429,no,0,1,49,no,yes,0.868948,21.0249996
429,430,no,2,0,30,yes,yes,1.4018365,23.6000004
430,431,no,1,0,30,no,yes,1.1174339,22.7999992
431,432,no,0,4,41,no,yes,0.8318294,35.9099998
432,433,no,0,1,45,no,yes,1.1690733,21.7000008
433,434,no,0,5,43,no,yes,0.942697,21.823
434,435,no,0,1,42,yes,yes,1.2022138,31.0
435,436,no,0,0,60,no,no,1.0930369,15.3000002
436,437,no,0,0,57,no,no,1.0061998,12.9250002
437,438,no,0,2,38,no,no,0.711668,15.8299999
438,439,no,0,0,56,no,no,0.974076,30.2000008
439,440,no,0,3,32,no,no,1.0163747,16.6000004
440,441,no,0,1,49,no,no,0.3405683,11.0
441,442,no,0,0,55,no,no,0.9520319,15.0
442,443,no,1,1,36,no,yes,0.4209535,20.5279999
443,444,no,0,3,44,no,no,0.8524491,13.1260004
444,445,no,0,1,44,no,no,0.8281056,15.5500002
445,446,no,1,2,35,yes,yes,1.1201084,18.0100002
446,447,no,2,3,44,yes,no,1.2789059,18.8740005
447,448,no,0,1,45,no,no,0.9068115,24.7999992
448,449,no,1,0,34,no,no,0.8718655,17.5
449,450,no,2,0,30,yes,yes,1.7003706,16.1499996
450,451,no,0,1,39,no,no,0.7517971,15.1890001
451,452,no,0,2,36,no,yes,0.9234089,6.0
452,453,no,0,2,38,yes,yes,1.4720492,37.25
453,454,no,0,0,53,no,yes,1.1203605,27.7600002
454,455,no,0,2,36,no,no,0.778245,9.0900002
455,456,no,1,1,32,no,no,1.0709316,14.5
456,457,no,0,3,51,no,no,0.9759441,19.7000008
457,458,no,0,0,38,no,no,0.8379935,16.7880001
458,459,no,2,0,33,no,no,1.0415969,18.5200005
459,460,no,0,0,54,no,no,1.1201659,20.9500008
460,461,no,0,3,38,no,no,0.5365883,7.5739999
461,462,no,2,2,30,no,yes,0.8188999,10.0270004
462,463,no,2,3,34,no,no,1.0694989,5.0
463,464,no,0,1,34,no,yes,0.4213425,7.04
464,465,no,0,2,50,no,no,0.9058391,40.7999992
465,466,no,2,0,30,yes,yes,1.5986567,16.0499992
466,467,no,0,2,38,no,yes,0.8710875,33.0999985
467,468,no,0,0,54,yes,yes,1.3315178,33.855999
468,469,no,1,2,30,no,yes,0.9452254,20.5
469,470,no,0,0,55,no,no,0.7888429,28.6000004
470,471,no,0,1,51,no,no,0.8548406,18.75
471,472,no,0,1,44,no,no,0.9764099,20.2999992
472,473,no,0,0,53,no,no,0.734675,13.4200001
473,474,no,0,2,42,no,no,0.5254625,18.3999996
474,475,no,0,2,38,no,no,1.2308719,16.6819992
475,476,no,1,3,38,yes,no,0.9767634,32.6850014
476,477,no,1,4,41,no,no,1.1698513,7.0500002
477,478,no,0,3,35,no,no,0.5554565,10.8669996
478,479,no,1,2,33,no,no,0.9785493,18.2199993
479,480,no,0,0,48,yes,yes,1.0267509,26.6130009
480,481,no,0,0,47,no,no,1.1215274,25.0
481,482,no,0,5,34,no,yes,0.7929273,15.6999998
482,483,no,2,1,33,yes,yes,1.0503179,40.25
483,484,no,3,1,31,yes,yes,0.9606535,73.5999985
484,485,no,0,0,58,no,no,0.4444938,10.592
485,486,no,0,0,49,no,no,0.7757166,8.0
486,487,no,0,1,55,no,no,0.3661391,13.3999996
487,488,no,0,0,44,yes,no,1.0425979,23.7000008
488,489,no,0,0,44,no,no,0.5142181,18.8999996
489,490,no,0,3,36,yes,yes,1.4329879,48.2999992
490,491,no,0,3,38,no,yes,1.1704348,24.4699993
491,492,no,0,3,37,yes,yes,1.4327934,28.6299992
492,493,no,0,0,47,no,no,1.0955653,25.3199997
493,494,no,0,3,47,no,no,1.2094852,13.5299997
494,495,no,1,1,32,no,no,1.1927967,14.8000002
495,496,no,1,2,43,no,no,1.0142353,17.3999996
496,497,no,1,4,42,no,no,0.6311384,15.9799995
497,498,no,0,0,56,no,no,0.7743551,16.5760002
498,499,no,0,5,38,yes,yes,1.0138489,21.8500004
499,500,no,0,2,52,no,no,1.1889068,14.6000004
500,501,no,0,0,50,no,no,0.9058391,21.6000004
501,502,no,0,0,33,yes,yes,1.4934409,24.0
502,503,no,0,2,44,yes,yes,1.4913014,20.8829994
503,504,no,0,1,41,no,yes,1.2186279,19.5
504,505,no,0,1,45,no,no,0.8697261,42.7999992
505,506,no,0,0,53,yes,yes,1.0620506,41.5
506,507,no,0,0,53,yes,yes,1.1860113,18.9650002
507,508,no,0,1,42,no,no,0.8703095,16.1000004
508,509,no,2,0,32,yes,yes,1.2301208,14.6999998
509,510,no,0,0,56,no,no,1.3053159,18.7999992
510,511,no,1,3,37,no,no,0.7269315,14.75
511,512,no,1,2,40,no,yes,0.9771879,21.0
512,513,no,0,3,54,yes,yes,1.3836806,35.4000015
513,514,no,0,0,53,no,no,0.2062952,10.6999998
514,515,no,0,1,48,no,no,0.9417245,24.5
515,516,no,1,2,36,no,yes,0.8714765,17.0450001
516,517,no,0,0,57,no,yes,1.3051213,18.7999992
517,518,no,0,0,51,no,no,1.3194934,14.0
518,519,no,0,4,33,yes,no,0.9602645,18.2140007
519,520,no,0,0,52,no,no,1.2927774,20.177
520,521,no,0,0,56,no,no,1.0806476,8.3000002
521,522,no,1,2,36,no,no,0.7925383,14.1999998
522,523,no,1,0,36,yes,yes,1.3864363,21.7679996
523,524,no,0,1,46,no,no,1.1217219,29.5529995
524,525,no,0,3,31,no,no,0.6791221,4.3499999
525,526,no,0,0,52,no,no,0.7997742,24.0
526,527,no,0,2,46,no,no,1.1217219,18.2999992
527,528,no,2,0,35,no,yes,1.0978992,17.2000008
528,529,no,0,0,59,no,no,0.9819832,16.4759998
529,530,no,0,1,36,no,no,0.6935631,13.3999996
530,531,no,1,3,51,no,no,0.2066842,44.987999
531,532,no,1,0,31,yes,no,1.6697453,18.2000008
532,533,no,0,2,31,yes,yes,1.1563828,28.0
533,534,no,1,1,32,no,yes,1.0417913,11.5500002
534,535,no,1,2,35,yes,yes,1.4639117,28.4500008
535,536,no,0,3,40,no,no,1.2108465,15.0959997
536,537,no,1,2,33,no,no,0.6061511,8.0089998
537,538,no,0,0,54,no,no,0.7640087,10.04
538,539,no,1,1,36,no,no,0.9779658,16.7000008
539,540,no,0,1,50,no,no,0.8550351,8.3999996
540,541,no,0,0,54,no,no,0.8151277,13.0
541,542,no,0,1,48,no,no,1.0156569,17.9699993
542,543,no,0,4,41,yes,yes,1.331652,18.4500008
543,544,no,0,4,50,no,no,1.145317,31.0
544,545,no,0,2,46,no,no,0.906617,24.1350002
545,546,no,0,1,42,yes,yes,1.0602362,31.7000008
546,547,no,1,2,31,no,no,0.5734462,10.1899996
547,548,no,0,0,53,no,no,0.8861951,21.5739994
548,549,no,0,1,51,no,no,1.0947874,26.6800003
549,550,no,0,1,47,no,no,1.1215274,17.7000008
550,551,no,0,1,50,no,no,0.9058391,29.3999996
551,552,no,0,1,37,no,no,0.1826694,22.1590004
552,553,no,2,2,30,no,no,0.8180865,35.0
553,554,no,0,0,49,no,no,0.7900099,8.6300001
554,555,no,0,2,52,no,yes,1.0670418,17.0799999
555,556,no,0,2,47,no,yes,1.0081447,32.5
556,557,no,0,0,49,no,no,1.2271129,16.0
557,558,no,0,4,44,no,yes,1.2280854,18.8500004
558,559,no,0,0,53,no,no,0.6716946,17.5
559,560,no,1,0,30,no,yes,1.0167637,19.3920002
560,561,no,0,2,54,no,no,1.2706565,14.4499998
561,562,no,1,1,47,no,no,0.3780428,21.7999992
562,563,no,0,0,56,yes,no,1.4368049,7.6999998
563,564,no,0,1,49,no,yes,0.9531989,31.7999992
564,565,no,0,0,48,no,no,0.6594997,17.2579994
565,566,no,0,1,49,no,no,1.0130683,13.3990002
566,567,no,0,1,56,no,no,0.8501152,16.073
567,568,no,0,0,46,no,no,0.9421135,23.2600002
568,569,no,0,2,45,no,yes,1.1902683,37.2999992
569,570,no,0,2,32,no,no,0.9448364,11.0
570,571,no,1,1,43,no,no,1.2595463,13.0749998
571,572,no,1,1,34,no,no,0.9444474,13.6999998
572,573,no,1,1,30,no,no,0.7391483,25.1000004
573,574,no,2,0,38,yes,no,1.7576321,18.6000004
574,575,no,1,1,33,yes,yes,1.5167702,29.0
575,576,no,0,0,52,no,no,1.3134575,19.2369995
576,577,no,0,3,43,no,no,0.7257645,19.8549995
577,578,no,1,1,33,no,no,0.9239924,9.4499998
578,579,no,0,0,45,no,no,0.5651426,30.0
579,580,no,2,1,36,no,no,0.7666139,15.0
580,581,no,1,1,34,no,yes,0.908951,24.7010002
581,582,no,0,2,37,yes,yes,1.0651624,15.8999996
582,583,no,0,1,46,no,no,1.0179641,16.2399998
583,584,no,0,0,47,no,no,1.2937499,21.1000004
584,585,no,2,1,31,yes,yes,1.4016421,23.0
585,586,no,0,0,57,no,no,-0.0058346,6.3400002
586,587,no,1,1,30,no,yes,0.9097289,42.25
587,588,no,0,0,30,no,yes,0.9097289,14.6940002
588,589,no,0,3,44,no,no,1.0394574,21.4169998
589,590,no,0,0,53,yes,yes,1.143383,20.2000008
590,591,no,0,0,51,no,no,0.4071807,12.0900002
591,592,no,1,3,39,no,yes,1.1914352,24.7600002
592,593,no,0,0,52,no,no,0.3121657,23.0
593,594,no,0,4,46,no,no,0.3678896,19.3649998
594,595,no,0,5,47,no,no,1.1141275,5.5500002
595,596,no,0,2,52,no,no,0.3667226,68.0350037
596,597,no,0,2,45,no,yes,0.9762154,29.2999992
597,598,no,0,0,60,no,no,0.9208875,18.5
598,599,no,0,2,41,yes,no,1.1738135,22.5820007
599,600,no,0,3,39,no,no,0.4481892,21.5
600,601,no,0,1,49,no,no,0.8514767,28.0699997
601,602,no,1,1,32,yes,yes,1.1506077,50.2999992
602,603,no,1,3,33,no,yes,0.9785493,23.5
603,604,no,0,4,36,no,no,0.857758,15.5
604,605,no,3,3,37,yes,yes,0.994983,13.4399996
605,606,no,1,2,30,no,no,0.9876235,8.1000004
606,607,no,1,1,44,no,no,0.9904729,9.8000002
607,608,no,0,1,48,no,no,0.9756319,20.2999992
608,609,no,0,4,40,no,no,0.8376045,15.0
609,610,no,0,0,47,yes,yes,1.2515764,56.0999985
610,611,no,0,2,36,no,no,1.0977048,22.8460007
611,612,no,0,2,40,no,yes,0.8376045,22.2250004
612,613,no,0,1,46,no,no,0.8695315,17.6350002
613,614,no,0,0,52,no,no,1.2589005,18.5
614,615,no,0,1,44,no,no,0.8524491,13.3900003
615,616,no,0,1,45,no,yes,1.016539,15.1499996
616,617,no,2,1,30,no,no,0.4883839,16.2000008
617,618,no,1,3,40,no,no,0.907784,33.9199982
618,619,no,0,1,43,no,no,1.2664924,14.0
619,620,no,0,2,49,no,no,0.868948,16.7360001
620,621,no,1,4,46,no,no,0.7905933,30.6499996
621,622,no,0,0,52,no,no,1.1224731,12.3999996
622,623,no,1,1,31,no,yes,0.9095345,19.0219994
623,624,no,1,1,42,no,no,0.7739376,11.2030001
624,625,no,0,3,33,no,no,0.7277094,19.8759995
625,626,no,0,0,57,yes,yes,1.5163242,57.0
626,627,no,0,0,49,no,no,0.6946817,18.2900009
627,628,no,0,1,45,yes,yes,1.2797551,20.2199993
628,629,no,0,0,56,no,no,0.6829725,22.1499996
629,630,no,1,3,41,no,no,0.9769933,30.6229992
630,631,no,0,0,56,no,no,0.5522678,9.3800001
631,632,no,0,1,48,no,no,0.6948762,22.0
632,633,no,0,2,52,yes,yes,1.5904157,23.6749992
633,634,no,0,0,51,no,no,0.9750484,33.6710014
634,635,no,0,3,35,no,no,0.6727635,12.3669996
635,636,no,0,0,45,no,no,0.7362309,21.9500008
636,637,no,0,0,54,no,yes,1.0375125,32.0
637,638,no,0,2,54,no,yes,1.1885178,22.6100006
638,639,no,1,0,31,no,no,0.8549775,12.092
639,640,no,0,3,53,no,no,0.1006193,3.777
640,641,no,2,2,35,yes,yes,1.028466,36.0
641,642,no,1,3,36,no,yes,0.7379813,26.8999996
642,643,no,0,0,59,no,no,0.8670031,32.2420006
643,644,no,0,0,54,yes,yes,1.2520049,35.0200005
644,645,no,1,1,37,no,yes,1.1234723,37.5999985
645,646,no,0,0,44,no,no,1.1221108,1.5
646,647,no,1,2,34,yes,yes,1.3615706,96.0
647,648,no,0,0,49,no,no,0.8514767,18.1499996
648,649,no,0,0,49,no,no,1.2357149,15.5
649,650,no,0,0,60,no,no,0.4162857,14.0
650,651,no,0,0,51,no,no,1.0380961,14.7559996
651,652,no,1,1,30,no,yes,0.9791328,22.0
652,653,no,0,2,47,no,no,0.869337,24.4659996
653,654,no,0,4,36,no,yes,0.9779658,24.3999996
654,655,no,1,3,35,no,no,0.9087565,24.0
655,656,no,0,0,58,no,no,1.2635751,15.5
656,657,no,1,3,41,yes,yes,0.9483608,30.7999992
657,658,no,0,1,51,no,no,0.6942927,10.6599998
658,659,no,0,0,47,no,no,1.0669705,13.3500004
659,660,no,1,2,45,no,no,0.7503316,10.0900002
660,661,no,0,0,60,yes,yes,1.2476975,55.5999985
661,662,no,1,1,30,yes,yes,1.4018365,25.7000008
662,663,no,0,0,55,no,yes,1.12027,29.0
663,664,no,1,2,32,no,no,0.7790229,7.2859998
664,665,no,0,2,36,no,no,0.9234089,37.7519989
665,666,no,0,0,55,no,no,1.0394524,13.0719995
666,667,no,0,0,47,no,no,1.217461,7.0440001
667,668,no,0,1,47,no,no,0.8306625,18.2000008
668,669,no,0,1,37,no,no,0.6321109,27.0
669,670,no,0,2,50,no,yes,0.9530044,30.2999992
670,671,no,0,3,30,no,no,0.7794119,12.0
671,672,no,0,1,48,yes,yes,1.3429654,31.5
672,673,no,0,2,43,no,no,1.016928,27.0919991
673,674,no,1,0,48,no,no,1.159844,20.9680004
674,675,no,1,2,41,yes,yes,1.0431813,27.0
675,676,no,0,0,50,no,no,0.7898154,11.2250004
676,677,no,0,0,58,no,no,0.3109987,37.7000008
677,678,no,0,5,38,yes,yes,0.8978252,28.2000008
678,679,no,0,1,37,no,no,1.0154022,34.0
679,680,no,0,0,50,yes,yes,1.731246,63.2000008
680,681,no,0,4,42,no,no,0.5540951,7.5
681,682,no,1,3,37,no,yes,0.8064445,17.4099998
682,683,no,0,2,41,yes,yes,1.2545332,51.0
683,684,no,0,2,31,no,no,0.7792174,12.9160004
684,685,no,0,0,51,no,no,1.0073668,21.8999996
685,686,no,1,2,36,no,no,0.8895015,17.6399994
686,687,no,0,0,54,yes,yes,1.2692542,20.0
687,688,no,0,0,49,no,no,0.7900099,15.0
688,689,no,1,1,48,no,no,0.4588832,14.0600004
689,690,no,0,2,42,no,no,0.5358103,15.8249998
690,691,no,1,2,41,no,yes,1.2286689,16.5100002
691,692,no,0,0,55,yes,no,1.6466655,13.0
692,693,no,0,0,42,no,no,0.5532817,10.0
693,694,no,0,1,32,yes,yes,1.1506077,22.0
694,695,no,0,2,43,no,yes,1.1223054,29.7999992
695,696,no,1,3,33,no,yes,0.7931218,15.0
696,697,no,0,1,48,yes,yes,1.5263186,22.2999992
697,698,no,0,2,43,no,no,1.2282799,14.5500002
698,699,no,1,3,47,yes,yes,1.7558817,19.7299995
699,700,no,0,0,54,no,no,1.1201659,35.0
700,701,no,0,1,51,no,no,1.0073668,21.0139999
701,702,no,0,1,51,no,no,1.0053312,10.8760004
702,703,no,1,1,43,yes,yes,1.2793989,27.8500004
703,704,no,0,0,53,no,no,1.2513424,9.5600004
704,705,no,1,1,34,no,no,1.0697975,30.2999992
705,706,no,1,1,31,no,no,0.6473786,7.7199998
706,707,no,0,0,56,no,no,0.7886484,10.5500002
707,708,no,0,1,42,yes,yes,1.2140751,24.1060009
708,709,no,0,2,32,no,yes,0.9448364,22.9950008
709,710,no,1,3,35,no,no,0.7927328,6.0
710,711,no,1,1,30,no,yes,0.9097289,24.3500004
711,712,no,0,0,51,no,no,1.0270631,7.6079998
712,713,no,0,3,47,no,no,0.8518656,28.2000008
713,714,no,0,1,54,no,yes,0.7747441,16.1499996
714,715,no,3,0,31,yes,yes,1.2959661,51.2000008
715,716,no,0,0,47,no,no,0.8275221,12.6459999
716,717,no,0,3,47,yes,yes,1.2194966,19.0
717,718,no,0,3,40,no,no,0.8706985,19.0
718,719,no,0,0,48,no,no,0.3129436,14.3999996
719,720,no,0,7,34,no,no,0.7013521,7.2319999
720,721,no,0,3,38,no,yes,1.0098952,21.9430008
721,722,no,1,3,32,no,yes,0.9448364,47.5
722,723,no,0,1,48,yes,yes,1.4905235,28.8999996
723,724,no,0,2,41,no,no,1.2186279,12.3999996
724,725,no,0,2,49,no,no,0.2441965,6.5310001
725,726,no,0,0,59,no,no,0.8024642,22.4220009
726,727,no,0,0,58,yes,yes,1.1424105,22.2000008
727,728,no,0,3,41,no,yes,1.0691812,77.0
728,729,no,0,2,45,no,no,1.0684031,88.0
729,730,no,1,1,30,yes,yes,1.0665239,26.0400009
730,731,no,0,1,41,no,yes,1.1226944,63.5
731,732,no,2,0,30,no,yes,1.0443147,12.1000004
732,733,no,0,1,53,no,no,1.3169782,17.5049992
733,734,no,0,0,31,no,yes,1.1172394,18.0
734,735,no,0,2,43,yes,yes,1.0814669,28.0690002
735,736,no,1,1,31,no,yes,1.0112566,14.0
736,737,no,0,0,51,no,no,1.2712399,8.1169996
737,738,no,0,0,43,no,no,0.9425184,11.8950005
738,739,no,1,2,31,yes,yes,1.2533377,45.25
739,740,no,0,0,48,no,no,0.9022743,31.1060009
740,741,no,1,1,31,no,yes,1.1246393,4.0
741,742,no,0,1,44,no,no,0.9764099,40.5
742,743,no,0,1,48,no,yes,0.9330035,21.6200008
743,744,no,0,1,53,no,no,1.1447335,23.4260006
744,745,no,0,3,42,no,no,0.9991057,26.0
745,746,no,2,6,39,no,no,0.9773824,7.8400002
746,747,no,1,2,32,no,no,0.6063456,6.8000002
747,748,no,0,2,36,no,no,0.8895015,5.3299999
748,749,no,0,2,40,yes,yes,1.0828638,28.2000008
749,750,no,2,3,31,no,no,1.1580402,10.0
750,751,no,0,0,43,no,no,0.8881401,9.9519997
751,752,no,0,0,60,no,no,1.2249736,24.9839993
752,753,no,0,3,39,no,no,0.8532125,28.3630009
